{
	"RunDate": "2024-10-02T10:55:44.306841598+10:00",
	"NRDiagVersion": "3.2.7",
	"Configuration": {
		"Verbose": false,
		"Quiet": false,
		"VeryQuiet": false,
		"YesToAll": false,
		"ShowOverrideHelp": false,
		"AutoAttach": true,
		"ProxySpecified": false,
		"SkipVersionCheck": false,
		"Run": false,
		"ListScripts": false,
		"Tasks": "",
		"ConfigFile": "",
		"Override": "",
		"OutputPath": "./",
		"Filter": "success,warning,failure,error,info",
		"BrowserURL": "",
		"Suites": "ruby",
		"APIKey": "",
		"Include": "",
		"Region": "",
		"Script": "",
		"ScriptFlags": ""
	},
	"Results": [
		{
			"Identifier": {
				"Category": "Base",
				"Subcategory": "Env",
				"Name": "CollectEnvVars"
			},
			"Override": false,
			"Result": {
				"Status": "Info",
				"Summary": "Gathered Environment variables of current shell.",
				"URL": "",
				"FilesToCopy": null,
				"Payload": {
					"HOME": "/root",
					"PATH": "/home/spigkaht/.rbenv/shims:./bin:./node_modules/.bin:/home/spigkaht/.nvm/versions/node/v16.15.1/bin:/home/spigkaht/.rbenv/shims:/home/spigkaht/.rbenv/bin:/usr/local/sbin:/usr/local/bin:/usr/sbin:/usr/bin:/sbin:/bin:/usr/games:/usr/local/games:/snap/bin:/snap/bin:/usr/local/sbin"
				}
			}
		},
		{
			"Identifier": {
				"Category": "Base",
				"Subcategory": "Env",
				"Name": "CollectSysProps"
			},
			"Override": false,
			"Result": {
				"Status": "None",
				"Summary": "No new relic system properties were found",
				"URL": "",
				"FilesToCopy": null,
				"Payload": null
			}
		},
		{
			"Identifier": {
				"Category": "Base",
				"Subcategory": "Config",
				"Name": "Collect"
			},
			"Override": false,
			"Result": {
				"Status": "Success",
				"Summary": "There were 2 config file(s) found",
				"URL": "",
				"FilesToCopy": [
					{
						"Path": "/home/spigkaht/code/spigkaht/betren-app/config/newrelic.yml",
						"Name": "./newrelic.yml",
						"StoredName": "newrelic.yml",
						"Streamed": false,
						"Identifier": ""
					},
					{
						"Path": "/etc/newrelic-infra.yml",
						"Name": "./newrelic-infra.yml",
						"StoredName": "newrelic-infra.yml",
						"Streamed": false,
						"Identifier": ""
					}
				],
				"Payload": [
					{
						"FileName": "newrelic.yml",
						"FilePath": "/home/spigkaht/code/spigkaht/betren-app/config/"
					},
					{
						"FileName": "newrelic-infra.yml",
						"FilePath": "/etc/"
					}
				]
			}
		},
		{
			"Identifier": {
				"Category": "Base",
				"Subcategory": "Config",
				"Name": "Validate"
			},
			"Override": false,
			"Result": {
				"Status": "Success",
				"Summary": "Successfully parsed config file(s) - See json for full detail",
				"URL": "",
				"FilesToCopy": null,
				"Payload": [
					{
						"FileName": "newrelic.yml",
						"FilePath": "/home/spigkaht/code/spigkaht/betren-app/config/",
						"Status": "Success",
						"Error": ""
					},
					{
						"FileName": "newrelic-infra.yml",
						"FilePath": "/etc/",
						"Status": "Success",
						"Error": ""
					}
				]
			}
		},
		{
			"Identifier": {
				"Category": "Base",
				"Subcategory": "Config",
				"Name": "LicenseKey"
			},
			"Override": false,
			"Result": {
				"Status": "Success",
				"Summary": "1 unique New Relic license key(s) found.",
				"URL": "",
				"FilesToCopy": null,
				"Payload": [
					{
						"Value": "f89f8060531f1f60f9d33a0167d3bce33bc6NRAL",
						"Source": "/home/spigkaht/code/spigkaht/betren-app/config/newrelic.yml"
					},
					{
						"Value": "f89f8060531f1f60f9d33a0167d3bce33bc6NRAL",
						"Source": "/etc/newrelic-infra.yml"
					}
				]
			}
		},
		{
			"Identifier": {
				"Category": "Base",
				"Subcategory": "Config",
				"Name": "ValidateLicenseKey"
			},
			"Override": false,
			"Result": {
				"Status": "Success",
				"Summary": "We validated 1 license key(s):\nThe license key found in /home/spigkaht/code/spigkaht/betren-app/config/newrelic.yml,\n /etc/newrelic-infra.yml passed our validation check when verifying against your account:\n f89f8060531f1f60f9d33a0167d3bce33bc6NRAL\nNote: If your agent is reporting an 'Invalid license key' log entry for this valid License key, reach out to New Relic support to verify any issues in our end.\n\n",
				"URL": "",
				"FilesToCopy": null,
				"Payload": {
					"f89f8060531f1f60f9d33a0167d3bce33bc6NRAL": [
						"/home/spigkaht/code/spigkaht/betren-app/config/newrelic.yml",
						"/etc/newrelic-infra.yml"
					]
				}
			}
		},
		{
			"Identifier": {
				"Category": "Base",
				"Subcategory": "Config",
				"Name": "ProxyDetect"
			},
			"Override": false,
			"Result": {
				"Status": "None",
				"Summary": "No proxy server settings found for this app",
				"URL": "",
				"FilesToCopy": null,
				"Payload": null
			}
		},
		{
			"Identifier": {
				"Category": "Base",
				"Subcategory": "Config",
				"Name": "RegionDetect"
			},
			"Override": false,
			"Result": {
				"Status": "Info",
				"Summary": "1 unique New Relic region(s) detected from config.",
				"URL": "",
				"FilesToCopy": null,
				"Payload": [
					"us01"
				]
			}
		},
		{
			"Identifier": {
				"Category": "Base",
				"Subcategory": "Collector",
				"Name": "ConnectUS"
			},
			"Override": false,
			"Result": {
				"Status": "Success",
				"Summary": "Successfully connected to collector.newrelic.com (US Region)",
				"URL": "",
				"FilesToCopy": null,
				"Payload": null
			}
		},
		{
			"Identifier": {
				"Category": "Base",
				"Subcategory": "Log",
				"Name": "Copy"
			},
			"Override": false,
			"Result": {
				"Status": "Success",
				"Summary": "Successfully collected one or more New Relic Log file(s). Those file names will be listed in the nrdiag-output.json, under the payload section with the field 'CanCollect' set to true.\n",
				"URL": "",
				"FilesToCopy": [
					{
						"Path": "/var/log/syslog",
						"Name": "Base/Log/syslog",
						"Streamed": false
					}
				],
				"Payload": [
					{
						"FileName": "syslog",
						"FilePath": "/var/log/",
						"Source": {
							"FoundBy": "Found by looking at standard locations",
							"KeyVals": null,
							"FullPath": "/var/log/syslog"
						},
						"IsSecureLocation": true,
						"CanCollect": true,
						"ReasonToNotCollect": ""
					}
				]
			}
		},
		{
			"Identifier": {
				"Category": "Base",
				"Subcategory": "Collector",
				"Name": "ConnectEU"
			},
			"Override": false,
			"Result": {
				"Status": "None",
				"Summary": "EU Region not detected, skipping EU collector connect check",
				"URL": "",
				"FilesToCopy": null,
				"Payload": null
			}
		},
		{
			"Identifier": {
				"Category": "Ruby",
				"Subcategory": "Config",
				"Name": "Agent"
			},
			"Override": false,
			"Result": {
				"Status": "Success",
				"Summary": "Ruby agent identified as present on system",
				"URL": "",
				"FilesToCopy": null,
				"Payload": [
					{
						"FileName": "newrelic.yml",
						"FilePath": "/home/spigkaht/code/spigkaht/betren-app/config/",
						"Status": "Success",
						"Error": ""
					}
				]
			}
		},
		{
			"Identifier": {
				"Category": "Ruby",
				"Subcategory": "Agent",
				"Name": "Version"
			},
			"Override": false,
			"Result": {
				"Status": "Info",
				"Summary": "9.14.0.0",
				"URL": "",
				"FilesToCopy": null,
				"Payload": [
					{
						"Major": 9,
						"Minor": 14,
						"Patch": 0,
						"Build": 0
					}
				]
			}
		},
		{
			"Identifier": {
				"Category": "Base",
				"Subcategory": "Agent",
				"Name": "EOL"
			},
			"Override": false,
			"Result": {
				"Status": "Success",
				"Summary": "We detected 1 New Relic agent(s) running on your system:\n1 New Relic agent(s) whose version is within the scope of support",
				"URL": "https://discuss.newrelic.com/t/important-upcoming-changes-to-supported-agent-versions/72280",
				"FilesToCopy": null,
				"Payload": null
			}
		},
		{
			"Identifier": {
				"Category": "Base",
				"Subcategory": "Env",
				"Name": "DetectAzure"
			},
			"Override": false,
			"Result": {
				"Status": "None",
				"Summary": "Detected that this is not an Azure environment.",
				"URL": "",
				"FilesToCopy": null,
				"Payload": null
			}
		},
		{
			"Identifier": {
				"Category": "Base",
				"Subcategory": "Env",
				"Name": "HostInfo"
			},
			"Override": false,
			"Result": {
				"Status": "Info",
				"Summary": "Collected host information",
				"URL": "",
				"FilesToCopy": null,
				"Payload": {
					"Hostname": "spigkaht",
					"OS": "linux",
					"Platform": "ubuntu",
					"PlatformFamily": "debian",
					"PlatformVersion": "24.04",
					"KernelVersion": "6.8.0-45-generic",
					"KernelArch": "x86_64",
					"CPUs": [
						{
							"Cores": 1,
							"Mhz": 3800
						},
						{
							"Cores": 1,
							"Mhz": 3800
						},
						{
							"Cores": 1,
							"Mhz": 3800
						},
						{
							"Cores": 1,
							"Mhz": 3800
						},
						{
							"Cores": 1,
							"Mhz": 3800
						},
						{
							"Cores": 1,
							"Mhz": 3800
						},
						{
							"Cores": 1,
							"Mhz": 3800
						},
						{
							"Cores": 1,
							"Mhz": 3800
						},
						{
							"Cores": 1,
							"Mhz": 3800
						},
						{
							"Cores": 1,
							"Mhz": 3800
						},
						{
							"Cores": 1,
							"Mhz": 3800
						},
						{
							"Cores": 1,
							"Mhz": 3800
						}
					],
					"TotalVirtualMemoryMB": 15931
				}
			}
		},
		{
			"Identifier": {
				"Category": "Base",
				"Subcategory": "Env",
				"Name": "InitSystem"
			},
			"Override": false,
			"Result": {
				"Status": "Info",
				"Summary": "Systemd detected",
				"URL": "",
				"FilesToCopy": null,
				"Payload": "Systemd"
			}
		},
		{
			"Identifier": {
				"Category": "Base",
				"Subcategory": "Containers",
				"Name": "DetectDocker"
			},
			"Override": false,
			"Result": {
				"Status": "Info",
				"Summary": "Docker Daemon is Running",
				"URL": "",
				"FilesToCopy": [
					{
						"Path": "docker-info.json",
						"Name": "Base/Containers/docker-info.json",
						"Streamed": true
					}
				],
				"Payload": {
					"Driver": "overlay2",
					"ServerVersion": "27.2.0",
					"MemTotal": 16705122304,
					"NCPU": 12
				}
			}
		},
		{
			"Identifier": {
				"Category": "Base",
				"Subcategory": "Env",
				"Name": "SELinux"
			},
			"Override": false,
			"Result": {
				"Status": "None",
				"Summary": "SELinux does seem to be installed in this environment: exec: \"sestatus\": executable file not found in $PATH",
				"URL": "",
				"FilesToCopy": null,
				"Payload": "Not Installed"
			}
		},
		{
			"Identifier": {
				"Category": "Base",
				"Subcategory": "Env",
				"Name": "RootUser"
			},
			"Override": false,
			"Result": {
				"Status": "Success",
				"Summary": "Root permissions detected",
				"URL": "",
				"FilesToCopy": null,
				"Payload": null
			}
		},
		{
			"Identifier": {
				"Category": "Base",
				"Subcategory": "Config",
				"Name": "AppName"
			},
			"Override": false,
			"Result": {
				"Status": "Success",
				"Summary": "1 unique application name(s) found: BetRen App",
				"URL": "",
				"FilesToCopy": null,
				"Payload": [
					{
						"Name": "BetRen App",
						"FilePath": "/home/spigkaht/code/spigkaht/betren-app/config/newrelic.yml"
					}
				]
			}
		},
		{
			"Identifier": {
				"Category": "Base",
				"Subcategory": "Config",
				"Name": "ValidateHSM"
			},
			"Override": false,
			"Result": {
				"Status": "Info",
				"Summary": "Local High Security Mode setting (false) for configuration:\n\n\t/home/spigkaht/code/spigkaht/betren-app/config/newrelic.yml\n\nLocal High Security Mode setting (false) for configuration:\n\n\t/etc/newrelic-infra.yml\n\n",
				"URL": "",
				"FilesToCopy": null,
				"Payload": {
					"/etc/newrelic-infra.yml": false,
					"/home/spigkaht/code/spigkaht/betren-app/config/newrelic.yml": false
				}
			}
		},
		{
			"Identifier": {
				"Category": "Base",
				"Subcategory": "Log",
				"Name": "ReportingTo"
			},
			"Override": false,
			"Result": {
				"Status": "None",
				"Summary": "New Relic logs not found",
				"URL": "",
				"FilesToCopy": null,
				"Payload": null
			}
		},
		{
			"Identifier": {
				"Category": "Base",
				"Subcategory": "Env",
				"Name": "DetectAWS"
			},
			"Override": false,
			"Result": {
				"Status": "None",
				"Summary": "AWS metadata endpoint timeout",
				"URL": "",
				"FilesToCopy": null,
				"Payload": null
			}
		},
		{
			"Identifier": {
				"Category": "Ruby",
				"Subcategory": "Env",
				"Name": "Version"
			},
			"Override": false,
			"Result": {
				"Status": "Info",
				"Summary": "ruby 3.2.2 (2023-03-30 revision e51014f9c0) [x86_64-linux]",
				"URL": "",
				"FilesToCopy": null,
				"Payload": "ruby 3.2.2 (2023-03-30 revision e51014f9c0) [x86_64-linux]"
			}
		},
		{
			"Identifier": {
				"Category": "Ruby",
				"Subcategory": "Requirements",
				"Name": "Version"
			},
			"Override": false,
			"Result": {
				"Status": "Success",
				"Summary": "Compatible Version detected: 9.14.0.0\n",
				"URL": "",
				"FilesToCopy": null,
				"Payload": null
			}
		},
		{
			"Identifier": {
				"Category": "Ruby",
				"Subcategory": "Config",
				"Name": "Collect"
			},
			"Override": false,
			"Result": {
				"Status": "Success",
				"Summary": "Successfully added.",
				"URL": "",
				"FilesToCopy": [
					{
						"Path": "/home/spigkaht/code/spigkaht/betren-app/.ruby-lsp/Gemfile",
						"Name": "./Gemfile",
						"StoredName": "Gemfile",
						"Streamed": false,
						"Identifier": ""
					},
					{
						"Path": "/home/spigkaht/code/spigkaht/betren-app/.ruby-lsp/Gemfile.lock",
						"Name": "./Gemfile.lock",
						"StoredName": "Gemfile.lock",
						"Streamed": false,
						"Identifier": ""
					},
					{
						"Path": "/home/spigkaht/code/spigkaht/betren-app/Gemfile",
						"Name": "./Gemfile",
						"StoredName": "Gemfile",
						"Streamed": false,
						"Identifier": ""
					},
					{
						"Path": "/home/spigkaht/code/spigkaht/betren-app/Gemfile.lock",
						"Name": "./Gemfile.lock",
						"StoredName": "Gemfile.lock",
						"Streamed": false,
						"Identifier": ""
					}
				],
				"Payload": [
					"/home/spigkaht/code/spigkaht/betren-app/.ruby-lsp/Gemfile",
					"/home/spigkaht/code/spigkaht/betren-app/.ruby-lsp/Gemfile.lock",
					"/home/spigkaht/code/spigkaht/betren-app/Gemfile",
					"/home/spigkaht/code/spigkaht/betren-app/Gemfile.lock"
				]
			}
		},
		{
			"Identifier": {
				"Category": "Ruby",
				"Subcategory": "Config",
				"Name": "IncompatibleGems"
			},
			"Override": false,
			"Result": {
				"Status": "Success",
				"Summary": "There were no incompatible gems found.",
				"URL": "",
				"FilesToCopy": null,
				"Payload": null
			}
		},
		{
			"Identifier": {
				"Category": "Ruby",
				"Subcategory": "Env",
				"Name": "Process"
			},
			"Override": false,
			"Result": {
				"Status": "Success",
				"Summary": "",
				"URL": "",
				"FilesToCopy": null,
				"Payload": [
					{
						"Proc": {
							"pid": 5334
						},
						"Cwd": "/home/spigkaht/code/spigkaht/betren-app",
						"EnvVars": {
							"HOME": "/root",
							"PATH": "/home/spigkaht/.rbenv/shims:./bin:./node_modules/.bin:/home/spigkaht/.nvm/versions/node/v16.15.1/bin:/home/spigkaht/.rbenv/shims:/home/spigkaht/.rbenv/bin:/usr/local/sbin:/usr/local/bin:/usr/sbin:/usr/bin:/sbin:/bin:/usr/games:/usr/local/games:/snap/bin:/snap/bin:/usr/local/sbin"
						}
					},
					{
						"Proc": {
							"pid": 6713
						},
						"Cwd": "/home/spigkaht/code/spigkaht/betren-app",
						"EnvVars": {
							"HOME": "/root",
							"PATH": "/home/spigkaht/.rbenv/shims:./bin:./node_modules/.bin:/home/spigkaht/.nvm/versions/node/v16.15.1/bin:/home/spigkaht/.rbenv/shims:/home/spigkaht/.rbenv/bin:/usr/local/sbin:/usr/local/bin:/usr/sbin:/usr/bin:/sbin:/bin:/usr/games:/usr/local/games:/snap/bin:/snap/bin:/usr/local/sbin"
						}
					}
				]
			}
		}
	],
	"Script": null
}